{
    "accuracy": 0.6395036887994634,
    "precision": 0.5991971108646638,
    "recall": 0.6395036887994634,
    "f1": 0.589777455590339,
    "wer": 0.01195219123505976
}